,mean_auc,std_auc
Logistic Regression,0.6492077689752108,0.06616062838087888
Random Forest,0.6963838487094302,0.05699595940718828
SVM (RBF),0.6475819308045223,0.04873956831725013
